Number,Contract Company,Contract Type,Title,ERP Status,Status,Executed,Original Contract Amount,Approved Change Orders,Revised Contract Amount,Pending Change Orders,Draft Change Orders,Invoiced,Payments Issued,% Paid,Remaining Balance Outstanding,Signatures Required,Private,Vendor,Primary Contact,Vendor Zip Code,Vendor Street,Vendor State,Company Name,Vendor Fax,Vendor Phone,Project Number,Project Name,Vendor City,Email Address,Description,Signed Contract Received Date,Article 4 Subcontractor Bond,Article 8.4.1 Completed Operations Limit,Article 8.4.1 General Aggregate Limit,Article 8.5.1 Umbrella Limit,ME&S License Holder Name
PO-001,,Purchase Order,08-100 (M&N) PO,Not Ready,Draft,No,0,0,0,0,0,0,0,0,0,,Yes,,,,,,"McIntyre Elwell & Strammer General Contractors, Inc.",,,MES-22-032,Freedom ES New Classroom Building,,,"<p>Provide all <strong>(SCOPE)</strong> materials as required by and in strict accordance with the Contract Documents, this Purchase Order, and scope of work defined herein.</p>
<p>Deliver to the project site the following:</p>
<p> </p>
<p>Doors and Frames:</p>
<p style=""display:inline !important;""> </p>
<p>Hardware:</p>
<p> </p>
<p>Deliver on or before <strong>&lt;INSERT DATE HERE&gt;</strong><br>- - - - - - - - - - -<br>The following amendment is applicable to this Purchase Order only, and supersedes any language on subsequent pages of this Purchase Order:</p>
<ol>
<li>Subcontractor will not assume risk or loss of work if same was caused by the egregious, willful, wanton, or willful negligence or acts of Contractor or their agents.</li>
<li>The indemnification shall not include the indemnification/defense of claims or damages resulting from any act or omission of gross negligence, willful, wanton, or intentional misconduct of Contractor, its officers, or agents, or directors, and/or employees. Subcontractor will only be responsible for indemnification of their proportionate share solely as covered by its insurance coverage.</li>
<li>A one year warranty is provided from date of substantial completion.</li>
<li>Any deduction of costs, off sets, or monies due to the Subcontractor’s neglect to carry out the Work, damages incurred due to Subcontractor’s negligence, or as a result of a breach, will be for this agreement only.</li>
<li>Determination of any award of attorney’s fees, expenses, and costs, will be decided by a court of competent jurisdiction and, if deemed appropriate and necessary, the non-prevailing party shall be responsible for associated reasonable attorney’s fees, if any. Prior to any litigation, the parties agree to mediation.</li>
</ol>",,,,,,
PO-002,,Purchase Order,07-330 (Sutter) Roofing PO,Not Ready,Draft,No,0,0,0,0,0,0,0,0,0,,Yes,,,,,,"McIntyre Elwell & Strammer General Contractors, Inc.",,,MES-22-032,Freedom ES New Classroom Building,,,"<p>Article #19 of the agreement shall be replaced by the following amendment:<br>“To the <strong>extent of the amount of the negligent act or omission caused by Subcontractor or someone for whose acts they are responsible</strong>, the S/S shall indemnify and hold harmless the Owner, the Architect, and the contractor and all of their agents and employees from and against all claims, losses and expenses, including but not limited to attorney’s fees, arising out of or resulting from the performance of the S/S’s Work under this purchase order.”<br><strong>No other terms of the Purchase Order are modified by this amendment.</strong></p>
<p> </p>
<p><strong>----------------------------</strong></p>
<p> </p>
<p> </p>",,,,,,
PO-003,,Purchase Order,Subcontractor PO,Not Ready,Draft,No,0,0,0,0,0,0,0,0,0,,Yes,,,,,,"McIntyre Elwell & Strammer General Contractors, Inc.",,,MES-22-032,Freedom ES New Classroom Building,,,"<p>Provide all labor, materials, and equipment required to completely furnish and install all <strong>(SCOPE)</strong> work, and to include all accessories required for a complete and proper installation, as required by and in strict accordance with the Contract Documents, this Purchase Order, and scope of work defined herein.</p>
<p> </p>
<p><em><strong><span style=""font-size:9.5pt;"">ALL SITE WORKERS MUST BE COMPLIANT WITH THE JESSICA LUNSFORD ACT, WHICH REQUIRES A LEVEL II BACKGROUND CHECK</span></strong></em></p>
<p><span style=""font-size:9.5pt;""> </span></p>",,,,,,
PO-004,,Purchase Order,Material PO,Not Ready,Draft,No,0,0,0,0,0,0,0,0,0,,Yes,,,,,,"McIntyre Elwell & Strammer General Contractors, Inc.",,,MES-22-032,Freedom ES New Classroom Building,,,"<p>Provide all <strong>(SCOPE)</strong> materials as required by and in strict accordance with the Contract Documents, this Purchase Order, and scope of work defined herein.</p>
<p> </p>
<p> </p>",,,,,,Mark Freeman
SC-001,,Subcontract,Subcontract Template,Not Ready,Draft,No,0,0,0,0,0,0,0,0,0,,Yes,,,,,,"McIntyre Elwell & Strammer General Contractors, Inc.",,,MES-22-032,Freedom ES New Classroom Building,,,"<p>Subcontractor:</p>
<p>Scope / Title:</p>
<p>Cost Code:</p>
<p>Amount:</p>
<p> </p>
<p>Subcontractor Bond: Yes/No</p>
<p> </p>
<p>Insurance Limits:</p>
<p>Up to $249,999: General Aggregate / Completed Operations Limits - $1M/$1M</p>
<p>$250,000-$399,999: General Aggregate / Completed Operations Limits - $2M/$2M, Umbrella $2M</p>
<p>$400,000 and Above: General Aggregate / Completed Operations Limits - $2M/$2M, Umbrella $5M</p>",,,,,,Mark Freeman
SC-002,,Subcontract,07-330 (Sutter) Roofing,Not Ready,Draft,No,0,0,0,0,0,0,0,0,0,,Yes,,,,,,"McIntyre Elwell & Strammer General Contractors, Inc.",,,MES-22-032,Freedom ES New Classroom Building,,,,,,,,,
22032.001,Artistry Painting Co.,Subcontract,Painting & Joint Caulking,Synced,Approved,Yes,32714,6199,38913,0,0,0,0,0,38913,,Yes,Artistry Painting Co.,,34285,"230 S Tamiami Trail, Suite 3D",FL,"McIntyre Elwell & Strammer General Contractors, Inc.",(941) 484-3937,941-484-3805,MES-22-032,Freedom ES New Classroom Building,Venice,,"<p>Subcontractor:   <span style=""color:#ff0000;"">ARTISTRY PAINTING</span></p>
<p>Scope / Title:         PAINTING</p>
<p>Cost Code:            09-900</p>
<p>Amount:               $32,714.00</p>
<p> </p>
<p>Subcontractor Bond: No</p>
<p> </p>
<p>Insurance Limits:</p>
<p>Up to $249,999: General Aggregate / Completed Operations Limits - $1M/$1M</p>",9/14/2022,IS NOT,"$1,000,000 ","$1,000,000 ","$1,000,000 ",Mark Freeman
22032.002,"B&I Contractors, Inc.",Subcontract,HVAC,Synced,Approved,Yes,469000,-22318.46,446681.54,0,0,0,0,0,446681.54,,Yes,"B&I Contractors, Inc.",,33916-5529,2701 Prince Street,FL,"McIntyre Elwell & Strammer General Contractors, Inc.",239-332-3185,239-332-4646,MES-22-032,Freedom ES New Classroom Building,Ft. Myers,,"<p><span style=""font-size:12pt;"">Subcontractor:       <span style=""color:#ff0000;"">B&amp;I Contractors, Inc.</span></span></p>
<p>Scope / Title:                     HVAC</p>
<p>Cost Code:                        15-600</p>
<p>Amount: <span class=""mce-nbsp-wrap"">   </span><span class=""mce-nbsp-wrap"">   </span><span class=""mce-nbsp-wrap"">   </span><span class=""mce-nbsp-wrap"">   </span><span class=""mce-nbsp-wrap"">   </span><span class=""mce-nbsp-wrap"">   </span><span class=""mce-nbsp-wrap"">   </span><span class=""mce-nbsp-wrap"">   </span><span class=""mce-nbsp-wrap"">   </span>$469,000.00</p>
<p> </p>
<p>Subcontractor Bond: Yes</p>
<p> </p>
<p>Insurance Limits:</p>
<p>$400,000 and Above: General Aggregate / Completed Operations Limits - $2M/$2M, Umbrella $5M</p>",9/6/2022,IS,"$2,000,000 ","$2,000,000 ","$5,000,000 ",Mark Freeman
22032.003,"Castelli Construction, LLC",Subcontract,"Demo, Sitework & Utilties",Not Ready,Terminated,No,201622,0,201622,0,0,0,0,0,201622,,Yes,"Castelli Construction, LLC",,15670,1868 Lions Club Rd,PA,"McIntyre Elwell & Strammer General Contractors, Inc.",,941-961-4294,MES-22-032,Freedom ES New Classroom Building,New Alexandria,,"<p><span style=""font-size:12pt;"">Subcontractor: <span class=""mce-nbsp-wrap"">   </span><span class=""mce-nbsp-wrap"">   </span><span class=""mce-nbsp-wrap"">   </span>Spectrum Underground, Inc.</span></p>
<p>Scope / Title:                     Sitework</p>
<p>Cost Code:                        02-010</p>
<p>Amount:<span class=""mce-nbsp-wrap"">   </span><span class=""mce-nbsp-wrap"">   </span><span class=""mce-nbsp-wrap"">   </span><span class=""mce-nbsp-wrap"">   </span><span class=""mce-nbsp-wrap"">   </span><span class=""mce-nbsp-wrap"">   </span><span class=""mce-nbsp-wrap"">   </span><span class=""mce-nbsp-wrap"">   </span><span class=""mce-nbsp-wrap"">   </span>$217,593.00</p>
<p> </p>
<p>Subcontractor Bond:No</p>
<p> </p>
<p>Insurance Limits:</p>
<p>Up to $249,999: General Aggregate / Completed Operations Limits - $1M/$1M</p>
<p>$250,000-$399,999: General Aggregate / Completed Operations Limits - $2M/$2M, Umbrella $2M</p>
<p>$400,000 and Above: General Aggregate / Completed Operations Limits - $2M/$2M, Umbrella $5M</p>",,IS NOT,"$1,000,000 ","$1,000,000 ","$1,000,000 ",Mark Freeman
22032.004,"CCS of Sarasota, Inc.",Subcontract,Stucco,Synced,Approved,Yes,56580,0,56580,0,0,0,0,0,56580,,Yes,"CCS of Sarasota, Inc.",,34211,11045 Gatewood Dr,FL,"McIntyre Elwell & Strammer General Contractors, Inc.",941-747-9866,941-747-9800,MES-22-032,Freedom ES New Classroom Building,Bradenton,,"<p>Subcontractor:         <span style=""font-size:14pt;color:#ff0000;"">CCS</span></p>
<p>Scope / Title:            Stucco</p>
<p>Cost Code:               09-100</p>
<p>Amount:                  $56,580</p>
<p> </p>
<p>Subcontractor Bond: Yes/No</p>
<p> </p>
<p>Insurance Limits:</p>
<p>Up to $249,999: General Aggregate / Completed Operations Limits - $1M/$1M</p>
<p> </p>",11/2/2022,IS NOT,"$1,000,000 ","$1,000,000 ","$1,000,000 ",Josh Tomlinson
22032.005,"Cement Industries, Inc.",Subcontract,Precast Hollow Core Slab,Synced,Approved,Yes,88535.71,0,88535.71,0,0,0,0,0,88535.71,Greg Schlabach,Yes,"Cement Industries, Inc.",,33916,2925 Hanson St,FL,"McIntyre Elwell & Strammer General Contractors, Inc.",239-332-7144,239-332-1440,MES-22-032,Freedom ES New Classroom Building,Ft. Myers,,"<p><span style=""font-size:12pt;"">Subcontractor:         <span style=""color:#ff0000;"">CEMENT INDUSTRIES</span></span></p>
<p>Scope / Title:                        Precast Hollow Core Slabs</p>
<p>Cost Code:</p>
<p>Amount:</p>
<p> </p>
<p>Subcontractor Bond: No</p>
<p> </p>
<p>Insurance Limits:</p>
<p>Up to $249,999: General Aggregate / Completed Operations Limits - $1M/$1M</p>
<p> </p>",12/2/2022,IS NOT,"$1,000,000 ","$1,000,000 ","$1,000,000 ",Mark Freeman
22032.006,Crowther Roofing &,Subcontract,Roofing,Synced,Approved,Yes,245000,-37532.45,207467.55,0,0,0,0,0,207467.55,,Yes,Crowther Roofing &,,33916,"Sheet Metal of Florida, Inc.
2543 Rockfill Rd",FL,"McIntyre Elwell & Strammer General Contractors, Inc.",239-332-0939,239--337-1300,MES-22-032,Freedom ES New Classroom Building,Ft. Myers,,"<p><span style=""font-size:12pt;"">Subcontractor:         <span style=""color:#ff0000;"">CROWTHER ROOFING</span></span></p>
<p>Subcontractor Bond: Yes</p>
<p> </p>
<p>Insurance Limits:</p>
<p>Up to $249,999: General Aggregate / Completed Operations Limits - $1M/$1M</p>
<p> </p>",9/20/2022,IS,"$1,000,000 ","$1,000,000 ","$1,000,000 ",Mark Freeman
22032.007,"Key Glass, Inc.",Subcontract,Windows & Storefront,Synced,Approved,Yes,105750,-32936.5,72813.5,0,0,0,0,0,72813.5,,Yes,"Key Glass, Inc.",,34203,2312 58th Ave E,FL,"McIntyre Elwell & Strammer General Contractors, Inc.",941-751-0074,941-755-3414,MES-22-032,Freedom ES New Classroom Building,Bradenton,,"<p><span style=""font-size:12pt;"">Subcontractor:         <span style=""color:#ff0000;"">Key Glass, Inc.</span></span></p>
<p>Scope / Title:                        Windows &amp; Storefront</p>
<p>Cost Code:<span class=""mce-nbsp-wrap"">   </span><span class=""mce-nbsp-wrap"">   </span><span class=""mce-nbsp-wrap"">   </span><span class=""mce-nbsp-wrap"">   </span><span class=""mce-nbsp-wrap"">   </span><span class=""mce-nbsp-wrap"">   </span><span class=""mce-nbsp-wrap"">   </span><span class=""mce-nbsp-wrap"">   </span><span class=""mce-nbsp-wrap"">   </span>08-500</p>
<p>Amount:<span class=""mce-nbsp-wrap"">   </span><span class=""mce-nbsp-wrap"">   </span><span class=""mce-nbsp-wrap"">   </span><span class=""mce-nbsp-wrap"">   </span><span class=""mce-nbsp-wrap"">   </span><span class=""mce-nbsp-wrap"">   </span><span class=""mce-nbsp-wrap"">   </span><span class=""mce-nbsp-wrap"">   </span><span class=""mce-nbsp-wrap"">   </span><span class=""mce-nbsp-wrap"">   </span>$105,570.00</p>
<p> </p>
<p>Subcontractor Bond: No</p>
<p> </p>
<p>Insurance Limits:</p>
<p>Up to $249,999: General Aggregate / Completed Operations Limits - $1M/$1M</p>
<p>$250,000-$399,999: General Aggregate / Completed Operations Limits - $2M/$2M, Umbrella $2M</p>
<p>$400,000 and Above: General Aggregate / Completed Operations Limits - $2M/$2M, Umbrella $5M</p>",9/6/2022,IS NOT,"$1,000,000 ","$1,000,000 ","$1,000,000 ",Mark Freeman
22032.008,"Gulfshore Drywall, Inc.",Subcontract,Metal Framing & Drywall,Synced,Approved,Yes,118320,-40250.99,78069.01,0,0,0,0,0,78069.01,,Yes,"Gulfshore Drywall, Inc.",,34230,PO Box 3678,FL,"McIntyre Elwell & Strammer General Contractors, Inc.",(941) 923-6612,941-923-6630,MES-22-032,Freedom ES New Classroom Building,Sarasota,,"<p><span style=""font-size:12pt;"">Subcontractor:         <span style=""color:#ff0000;"">GULFSHORE</span></span></p>
<p>Scope / Title:                        METAL FRAMING &amp; DRYWALL</p>
<p>Cost Code:</p>
<p>Amount:</p>
<p> </p>
<p>Subcontractor Bond: Yes/No</p>
<p> </p>
<p>Insurance Limits:</p>
<p>Up to $249,999: General Aggregate / Completed Operations Limits - $1M/$1M</p>
<p>$250,000-$399,999: General Aggregate / Completed Operations Limits - $2M/$2M, Umbrella $2M</p>
<p>$400,000 and Above: General Aggregate / Completed Operations Limits - $2M/$2M, Umbrella $5M</p>",9/1/2022,IS NOT,"$1,000,000 ","$1,000,000 ","$1,000,000 ",Mark Freeman
22032.009,"LT Plumbing, LLC",Subcontract,Plumbing,Synced,Approved,Yes,125760,-10853.39,114906.61,0,0,0,0,0,114906.61,,Yes,"LT Plumbing, LLC",,34221,1504 18th Ave Dr E,FL,"McIntyre Elwell & Strammer General Contractors, Inc.",941-721-3222,941-729-1111,MES-22-032,Freedom ES New Classroom Building,Palmetto,,"<p><span style=""font-size:12pt;"">Subcontractor:         <span style=""color:#ff0000;"">LT PLUMBING</span></span></p>
<p>Scope / Title:                       PLUMBING</p>
<p>Cost Code:                           15-400</p>
<p>Amount:                              $120,650.00</p>
<p> </p>
<p>Subcontractor Bond:          No</p>
<p> </p>
<p>Insurance Limits:</p>
<p>Up to $249,999: General Aggregate / Completed Operations Limits - $1M/$1M</p>",10/3/2022,IS NOT,"$1,000,000 ","$1,000,000 ","$1,000,000 ",Mark Freeman
22032.01,"NCN Electric, Inc.",Subcontract,Electrical & Fire Alarm,Synced,Approved,Yes,606000,102898.6,708898.6,0,0,0,0,0,708898.6,,Yes,"NCN Electric, Inc.",,34292,261 Blue Juniper Blvd,FL,"McIntyre Elwell & Strammer General Contractors, Inc.",941-484-3872,941-488-0005,MES-22-032,Freedom ES New Classroom Building,Venice,,"<p><span style=""font-size:12pt;"">Subcontractor:         <span style=""color:#ff0000;"">NCN ELECTRIC, Inc.</span></span></p>
<p>Scope / Title:                        Electrical &amp; Fire Alarm</p>
<p>Cost Code:<span class=""mce-nbsp-wrap"">   </span><span class=""mce-nbsp-wrap"">   </span><span class=""mce-nbsp-wrap"">   </span><span class=""mce-nbsp-wrap"">   </span><span class=""mce-nbsp-wrap"">   </span><span class=""mce-nbsp-wrap"">   </span><span class=""mce-nbsp-wrap"">   </span><span class=""mce-nbsp-wrap"">   </span><span class=""mce-nbsp-wrap"">   </span><span class=""mce-nbsp-wrap"">   </span>16-100</p>
<p>Amount:<span class=""mce-nbsp-wrap"">   </span><span class=""mce-nbsp-wrap"">   </span><span class=""mce-nbsp-wrap"">   </span><span class=""mce-nbsp-wrap"">   </span><span class=""mce-nbsp-wrap"">   </span><span class=""mce-nbsp-wrap"">   </span><span class=""mce-nbsp-wrap"">   </span><span class=""mce-nbsp-wrap"">   </span><span class=""mce-nbsp-wrap"">   </span><span class=""mce-nbsp-wrap"">   </span><span class=""mce-nbsp-wrap"">   </span>$606,000.00</p>
<p> </p>
<p><span style=""font-size:14pt;""><em>Subcontractor Bond:    Yes</em></span></p>
<p> </p>
<p>Insurance Limits:</p>
<p>$400,000 and Above: General Aggregate / Completed Operations Limits - $2M/$2M, Umbrella $5M</p>",10/3/2022,IS,"$2,000,000 ","$2,000,000 ","$5,000,000 ",Mark Freeman
22032.011,4-F Structural Concrete &,Subcontract,Concrete & Masonry,Synced,Approved,Yes,493764,9084,502848,0,0,0,0,0,502848,,Yes,4-F Structural Concrete &,,34240,"Masonry, LLC
8250 Vicela Dr Suite 3",FL,"McIntyre Elwell & Strammer General Contractors, Inc.",941-341-0728,941-341-0724,MES-22-032,Freedom ES New Classroom Building,Sarasota,,"<p><span style=""font-size:12pt;"">Subcontractor:       4-F Structural Concrete &amp; Masonry LLC</span></p>
<p>Scope / Title:<span class=""mce-nbsp-wrap"">   </span><span class=""mce-nbsp-wrap"">   </span><span class=""mce-nbsp-wrap"">   </span>Concrete/ Masonry                     </p>
<p>Cost Code:                        03-300</p>
<p>Amount:<span class=""mce-nbsp-wrap"">   </span><span class=""mce-nbsp-wrap"">   </span><span class=""mce-nbsp-wrap"">   </span><span class=""mce-nbsp-wrap"">   </span><span class=""mce-nbsp-wrap"">   </span><span class=""mce-nbsp-wrap"">   </span>$493,764.00</p>
<p> </p>
<p>Subcontractor Bond: Yes</p>
<p> </p>
<p>Insurance Limits:</p>
<p>$400,000 and Above: General Aggregate / Completed Operations Limits - $2M/$2M, Umbrella $5M</p>",11/8/2022,IS,"$2,000,000 ","$2,000,000 ","$5,000,000 ",Mark Freeman
22032.012,Peachtree Protective,Subcontract,Walkway Canopy,Synced,Approved,Yes,34272,-7253.33,27018.67,0,0,0,0,0,27018.67,,Yes,Peachtree Protective,,30122,"Covers, Inc.
3255 S Sweetwater Rd",GA,"McIntyre Elwell & Strammer General Contractors, Inc.",770-439-2122,770-439-2120,MES-22-032,Freedom ES New Classroom Building,Lithia Springs,,"<p><span style=""font-size:12pt;"">Subcontractor:       <span style=""color:#ff0000;""> Peachtree                  </span></span>Scope / Title:                       Walkway Canopy</p>
<p>Cost Code:                            10530                                    Amount:                               $34,272</p>
<p> </p>
<p>Subcontractor Bond: Yes<span style=""text-decoration:underline;""><strong>/No</strong></span></p>
<p> </p>
<p>Insurance Limits:   Up to $249,999: General Aggregate / Completed Operations Limits - $1M/$1M</p>",10/28/2022,IS NOT,"$1,000,000 ","$1,000,000 ","$1,000,000 ",Mark Freeman
22032.013,"Pinnacle Door & Hardware, Inc.",Subcontract,Doors & Hardware ,Synced,Approved,Yes,95038,-77854,17184,0,0,0,0,0,17184,,Yes,"Pinnacle Door & Hardware, Inc.",,30368-7343,"PO Box 117343
Division 350",GA,"McIntyre Elwell & Strammer General Contractors, Inc.",727-447-7301,727-447-7300,MES-22-032,Freedom ES New Classroom Building,Atlanta,,"<p><span style=""font-size:12pt;"">Subcontractor:         <span style=""color:#ff0000;"">PINNACLE</span></span></p>
<p>Scope / Title:                          Doors &amp; Hardware</p>
<p>Cost Code:                              08-100</p>
<p>Amount:                              $95,038.00</p>
<p> </p>
<p>Subcontractor Bond:             No</p>
<p> </p>
<p>Insurance Limits:         Up to $249,999: General Aggregate / Completed Operations Limits - $1M/$1M</p>",10/25/2022,IS NOT,"$1,000,000 ","$1,000,000 ","$1,000,000 ",Josh Tomlinson
22032.014,R.J. Walker Acoustical LLC,Subcontract,Acoustical Ceilings ,Synced,Approved,Yes,28700,0,28700,0,0,0,0,0,28700,Greg Schlabach,Yes,R.J. Walker Acoustical LLC,,34203,2335 63rd  Ave E  Suite L,FL,"McIntyre Elwell & Strammer General Contractors, Inc.",941-727-0216,941-755-1215,MES-22-032,Freedom ES New Classroom Building,Bradenton,office@rjwalkeracoustical.com,"<p><span style=""font-size:12pt;"">Subcontractor:        <span style=""color:#ff0000;""> RJ Walker</span></span></p>
<p>Scope / Title:                        acoustical ceilings</p>
<p>Cost Code:                           09-510</p>
<p>Amount:                              $28,700.00</p>
<p> </p>
<p>Subcontractor Bond:             No</p>
<p> </p>
<p>Insurance Limits:</p>
<p>Up to $249,999: General Aggregate / Completed Operations Limits - $1M/$1M</p>
<p> </p>",11/4/2022,IS NOT,"$1,000,000 ","$1,000,000 ","$1,000,000 ",Mark Freeman
22032.015,Spectra Contract Flooring,Subcontract,Flooring,Synced,Approved,Yes,56818.86,-19200.53,37618.33,0,0,0,0,0,37618.33,,Yes,Spectra Contract Flooring,,33605,1802 Grant St  Ste 200,FL,"McIntyre Elwell & Strammer General Contractors, Inc.",941-351-7740,941-351-7710,MES-22-032,Freedom ES New Classroom Building,Tampa,,"<p><span style=""font-size:12pt;"">Subcontractor:         <span style=""color:#ff0000;"">Spectra Flooring</span></span></p>
<p>Scope / Title:                           Flooring</p>
<p>Cost Code:                              09-660</p>
<p>Amount:                                 $56,819.86</p>
<p> </p>
<p>Subcontractor Bond:                No</p>
<p> </p>
<p>Insurance Limits:</p>
<p>Up to $249,999: General Aggregate / Completed Operations Limits - $1M/$1M</p>",11/8/2022,IS NOT,"$1,000,000 ","$1,000,000 ","$1,000,000 ",Josh Tomlinson
22032.016,"Titan Fire Protection, Inc.",Subcontract,Fire Sprinklers,Synced,Approved,No,26400,0,26400,0,0,0,0,0,26400,Greg Schlabach,Yes,"Titan Fire Protection, Inc.",,32926,"395 S Range Road, Suite B",FL,"McIntyre Elwell & Strammer General Contractors, Inc.",321-783-1516,727-408-5306,MES-22-032,Freedom ES New Classroom Building,Cocoa,,"<p><span style=""font-size:12pt;"">Subcontractor:         <span style=""color:#ff0000;"">Titan Fire</span></span></p>
<p>Scope / Title:                        Fire Sprinklers</p>
<p>Cost Code:                           15-510</p>
<p>Amount:                              $26,400</p>
<p> </p>
<p>Subcontractor Bond:             No</p>
<p> </p>
<p>Insurance Limits:</p>
<p>Up to $249,999: General Aggregate / Completed Operations Limits - $1M/$1M</p>
<p> </p>",9/23/2022,IS NOT,"$1,000,000 ","$1,000,000 ","$1,000,000 ",Mark Freeman
22032.017,"Stevens Industries, Inc.",Subcontract,Interior Millwork,Synced,Approved,Yes,71662,0,71662,0,0,0,0,0,71662,Greg Schlabach,Yes,"Stevens Industries, Inc.",,62467,704 W Main St,IL,"McIntyre Elwell & Strammer General Contractors, Inc.",(217) 857-7293,217-857-7100,MES-22-032,Freedom ES New Classroom Building,Teutopolis,,"<p><span style=""font-size:12pt;"">Subcontractor:        <span style=""color:#ff0000;""> STEVEN'S INDUSTRIES</span></span></p>
<p>Scope / Title:                         Interior Millwork</p>
<p>Cost Code:                              12-300</p>
<p>Amount:                                 $71,662.00</p>
<p> </p>
<p>Subcontractor Bond:                No</p>
<p> </p>
<p>Insurance Limits:</p>
<p>Up to $249,999: General Aggregate / Completed Operations Limits - $1M/$1M</p>",12/1/2022,IS NOT,"$1,000,000 ","$1,000,000 ","$1,000,000 ",Mark Freeman
22032.5,Smith Fence Company,Purchase Order,Fencing,Synced,Approved,Yes,4462,4944,9406,0,0,0,0,0,9406,,Yes,Smith Fence Company,,33762,4699 110th Ave N,FL,"McIntyre Elwell & Strammer General Contractors, Inc.",727-573-2075,727-573-5440,MES-22-032,Freedom ES New Classroom Building,Clearwater,,"<p>Provide all labor, materials, and equipment required to completely furnish and install 22' of 6' high black vinyl coated chain fence with one (1) 6' wide double swing gate , and to include all accessories required for a complete and proper installation, as required by and in strict accordance with this Subcontractor Purchase Order and scope of work defined herein.</p>
<ul>
<li>All Pipe Schedule 40</li>
<li>Mesh 9 ga core, 6 ga finish</li>
</ul>
<p><em><strong><span style=""font-size:9.5pt;"">ALL SITE WORKERS MUST BE COMPLIANT WITH THE JESSICA LUNSFORD ACT, WHICH REQUIRES A LEVEL II BACKGROUND CHECK</span></strong></em></p>
<p><span style=""font-size:9.5pt;""> </span></p>",11/11/2022,,,,,
22032.501,"Doudney Sheet Metal Works, Inc",Purchase Order,MISC. STRUCTURAL STEEL,Synced,Approved,No,5540,0,5540,0,0,0,0,0,5540,Greg Schlabach,Yes,"Doudney Sheet Metal Works, Inc",,34232,715 Gantt Ave,FL,"McIntyre Elwell & Strammer General Contractors, Inc.",941-377-3460,(941) 371-4800,MES-22-032,Freedom ES New Classroom Building,Sarasota,,"<div style=""text-align:left;"">Provide all labor, materials, and equipment required to completely furnish and install all <em><strong>MISCELLANEOUS STRUCTURAL STEEL</strong></em><strong><em> </em></strong>work, and to include all accessories required for a complete and proper installation, as required by and in strict accordance with this Subcontractor Purchase Order and scope of work defined herein.<br><br>   -  14' tall roof access ladder.  Roughly 18"" wide with 12 rungs spaced about 11.5"" apart with brackets for mounting to wall. Ladder will be primed. but not painted.</div>
<div style=""text-align:left;"">
<br><em><strong>ALL SITE WORKERS MUST BE COMPLIANT WITH THE JESSICA LUNSFORD ACT, WHICH REQUIRES A LEVEL II BACKGROUND CHECK</strong></em>
</div>",9/27/2022,,,,,
22032.018,,Subcontract,,Not Ready,Draft,No,0,0,0,0,0,0,0,0,0,,Yes,,,,,,"McIntyre Elwell & Strammer General Contractors, Inc.",,,MES-22-032,Freedom ES New Classroom Building,,,"<p><span style=""font-size:12pt;"">Subcontractor:         </span></p>
<p>Scope / Title:                        </p>
<p>Cost Code:</p>
<p>Amount:                              </p>
<p> </p>
<p>Subcontractor Bond: Yes/No</p>
<p> </p>
<p>Insurance Limits:</p>
<p>Up to $249,999: General Aggregate / Completed Operations Limits - $1M/$1M</p>
<p>$250,000-$399,999: General Aggregate / Completed Operations Limits - $2M/$2M, Umbrella $2M</p>
<p>$400,000 and Above: General Aggregate / Completed Operations Limits - $2M/$2M, Umbrella $5M</p>",,,,,,Mark Freeman
22032.019,,Subcontract,,Not Ready,Draft,No,0,0,0,0,0,0,0,0,0,,Yes,,,,,,"McIntyre Elwell & Strammer General Contractors, Inc.",,,MES-22-032,Freedom ES New Classroom Building,,,"<p><span style=""font-size:12pt;"">Subcontractor:      </span></p>
<p>Scope / Title:                    </p>
<p>Cost Code:         </p>
<p>Amount: </p>
<p> </p>
<p>Subcontractor Bond: Yes/No</p>
<p> </p>
<p>Insurance Limits:</p>
<p>Up to $249,999: General Aggregate / Completed Operations Limits - $1M/$1M</p>
<p>$250,000-$399,999: General Aggregate / Completed Operations Limits - $2M/$2M, Umbrella $2M</p>
<p>$400,000 and Above: General Aggregate / Completed Operations Limits - $2M/$2M, Umbrella $5M</p>",,,,,,Mark Freeman
22032.502,Sarasota Blinds and Shutters,Purchase Order,Window blinds,Synced,Approved,Yes,3000,2906.4,5906.4,0,0,0,0,0,5906.4,,Yes,Sarasota Blinds and Shutters,,34232,3339 Spainwood Dr,FL,"McIntyre Elwell & Strammer General Contractors, Inc.",,941-952-8966,MES-22-032,Freedom ES New Classroom Building,Sarasota,,"<p><br><span style=""font-size:10pt;"">Provide all labor, materials, and equipment required to completely furnish and install all  (24) Hunter Douglas Vertical Blinds with wand, and to include all accessories required for a complete and proper installation, as required by and in strict accordance with this Subcontractor Purchase Order and scope of work defined herein.</span></p>
<p><br><span style=""font-size:10pt;"">* Provide submittals for approval</span></p>
<p> </p>
<p><em><strong>ALL SITE WORKERS MUST BE COMPLIANT WITH THE JESSICA LUNSFORD ACT, WHICH REQUIRES A LEVEL II BACKGROUND CHECK</strong></em></p>
<p> </p>",9/26/2022,,,,,
22032.02,"Spectrum Underground, Inc.",Subcontract,"Demo, Sitework & Utilities",Synced,Approved,Yes,217593,90908,308501,0,0,0,0,0,308501,,Yes,"Spectrum Underground, Inc.",,34233,"5802 Bee Ridge Rd., Suite 101",FL,"McIntyre Elwell & Strammer General Contractors, Inc.",941-342-6710,941-342-6708,MES-22-032,Freedom ES New Classroom Building,Sarasota,,"<p><span style=""font-size:12pt;"">Subcontractor: <span class=""mce-nbsp-wrap"">   </span><span class=""mce-nbsp-wrap"">   </span><span class=""mce-nbsp-wrap"">   </span>Spectrum Underground, Inc.</span></p>
<p>Scope / Title:                     Sitework</p>
<p>Cost Code:                        02-010</p>
<p>Amount:<span class=""mce-nbsp-wrap"">   </span><span class=""mce-nbsp-wrap"">   </span><span class=""mce-nbsp-wrap"">   </span><span class=""mce-nbsp-wrap"">   </span><span class=""mce-nbsp-wrap"">   </span><span class=""mce-nbsp-wrap"">   </span><span class=""mce-nbsp-wrap"">   </span><span class=""mce-nbsp-wrap"">   </span><span class=""mce-nbsp-wrap"">   </span>$217,593.00</p>
<p> </p>
<p>Subcontractor Bond:No</p>
<p> </p>
<p>Insurance Limits:</p>
<p>Up to $249,999: General Aggregate / Completed Operations Limits - $1M/$1M</p>
<p>$250,000-$399,999: General Aggregate / Completed Operations Limits - $2M/$2M, Umbrella $2M</p>
<p>$400,000 and Above: General Aggregate / Completed Operations Limits - $2M/$2M, Umbrella $5M</p>",9/13/2022,IS NOT,"$1,000,000 ","$1,000,000 ","$1,000,000 ",Mark Freeman
22032.503,Florida Chalkboard Co.,Purchase Order,White Boards,Synced,Approved,Yes,28000,-3782,24218,0,0,0,0,0,24218,,Yes,Florida Chalkboard Co.,,32703,PO Box 1360,FL,"McIntyre Elwell & Strammer General Contractors, Inc.",407-889-4378,407-889-0087,MES-22-032,Freedom ES New Classroom Building,Apopka,sales@floridachalkboard.com,"<br>Provide labor, material and equipment to furnish &amp; install the following wall mounted markerboards by ""Claridge"".<br><br>
<ul>
<li>16 ea. 5'h x 8'L White Boards Series 4 LCS3 Satin Anodized Aluminum Tray 1"" Maprail and Trim Accessories.</li>
<li>Install 3/20/2033</li>
</ul>
<br><br>
<p> <em><strong><span style=""font-size:9.5pt;"">ALL SITE WORKERS MUST BE COMPLIANT WITH THE JESSICA LUNSFORD ACT, WHICH REQUIRES A LEVEL II BACKGROUND CHECK</span></strong></em><br><br></p>
<p> </p>",10/11/2022,,,,,
22032.504,"Geosurv, LLC",Purchase Order,Surveying,Synced,Approved,Yes,7000,0,7000,0,0,0,0,0,7000,,Yes,"Geosurv, LLC",,34207,"Surveying & Mapping
5707 19th St W",FL,"McIntyre Elwell & Strammer General Contractors, Inc.",866-624-5163,877-407-3734,MES-22-032,Freedom ES New Classroom Building,Bradenton,info@geosurveygroup.com,"<p>Provide all labor, material, and equipment to provide the following survey work:</p>
<p> </p>
<table class=""mce-table"" border=""1px double #000"" style=""border-collapse:collapse;border-color:#000;"">
<tbody>
<tr>
<td>1.  </td>
<td> Site control, benchmarks </td>
<td> $     800.00</td>
</tr>
<tr>
<td>2.  </td>
<td> Site layout, building pad, storm drainage </td>
<td> $  1,600.00</td>
</tr>
<tr>
<td>3.  </td>
<td> Building Corner Layout</td>
<td> $  1,000.00</td>
</tr>
<tr>
<td>4.  </td>
<td> As-built field locates and surveys </td>
<td> $  3,000.00</td>
</tr>
<tr>
<td>5.  </td>
<td>FEMA Certificates</td>
<td> $     600.00</td>
</tr>
<tr>
<td> </td>
</tr>
</tbody>
</table>",10/25/2022,,,,,
22032.505,Mardale Specialties Direct Inc,Purchase Order,Toilet Accessories ,Synced,Approved,Yes,10283,-400,9883,0,0,0,0,0,9883,,Yes,Mardale Specialties Direct Inc,,33760,14038 63rd Way N,FL,"McIntyre Elwell & Strammer General Contractors, Inc.",(727) 772-9630,239-690-1001,MES-22-032,Freedom ES New Classroom Building,Clearwater,,"<div style=""text-align:center;"">
<p style=""text-align:left;"">Provide all labor, materials, and equipment required to completely furnish and install all Toilet Accessories, Fire Extinguishers and Cabinets and to include all accessories required for a complete and proper installation, as required by and in strict accordance with the Contract Documents, this Purchase Order, and scope of work defined herein.</p>
<p> </p>
<p style=""text-align:left;""><em><strong><span style=""font-size:9.5pt;"">ALL SITE WORKERS MUST BE COMPLIANT WITH THE JESSICA LUNSFORD ACT, WHICH REQUIRES A LEVEL II BACKGROUND CHECK</span></strong></em></p>
<p><span style=""font-size:9.5pt;""> </span></p>
 </div>",12/6/2022,,,,,
22032.506,"Hees & Associates, Inc.",Purchase Order,Canopy Foundation Design,Synced,Approved,Yes,2500,0,2500,0,0,0,0,0,2500,Greg Schlabach,Yes,"Hees & Associates, Inc.",,34236,1381 Fifth St,FL,"McIntyre Elwell & Strammer General Contractors, Inc.",941-955-9333,941-955-4555,MES-22-032,Freedom ES New Classroom Building,Sarasota,,"<p>Provide design services for the canopy foundation at Freedom Elementary project in accordance with Hees &amp; Associates’ proposal dated November 28, 2022.</p>
<p><span style=""font-size:12pt;"">  </span></p>",11/28/2022,,,,,
22032.507,Irrigation Design Associates,Purchase Order,Irrigation Cut/ Cap,Synced,Approved,Yes,611.31,14684.2,15295.51,0,0,0,0,0,15295.51,,Yes,Irrigation Design Associates,,34240,6175 Palmer Blvd,FL,"McIntyre Elwell & Strammer General Contractors, Inc.",941-925-8987,941-927-1279,MES-22-032,Freedom ES New Classroom Building,Sarasota,,<p>Provide labor and material to locate and cut/ cap irrigation in conflict with the building pad and/ or utilities.</p>,12/7/2022,,,,,
22032.021,Alarm & Communication Systems,Subcontract,Intrusion Detection,Synced,Approved,No,22174.16,0,22174.16,0,0,0,0,0,22174.16,,Yes,Alarm & Communication Systems,,33614,4301 W South Avenue,FL,"McIntyre Elwell & Strammer General Contractors, Inc.",(813) 879-0768,813-873-1851,MES-22-032,Freedom ES New Classroom Building,Tampa,,"<p><span style=""text-decoration:underline;"">CE #041 - UCF-BT 14 Intrusion Detection</span></p>
<p><span style=""font-size:12pt;"">USE GC Contingency to cover the cost of Intrusion Detection</span></p>",9/26/2023,IS NOT,"$1,000,000 ","$1,000,000 ","$1,000,000 ",Josh Tomlinson
22032.508,"H & H Signs, Inc.",Purchase Order,Signage,Synced,Approved,Yes,6837.3,1066.79,7904.09,0,0,0,0,0,7904.09,,Yes,"H & H Signs, Inc.",,34285,426 E. Venice Ave,FL,"McIntyre Elwell & Strammer General Contractors, Inc.",941-484-8933,941-485-0556,MES-22-032,Freedom ES New Classroom Building,Venice,,"<p>Provide all labor, materials, and equipment required to completely furnish and install all <em><strong>Signage per ASI #5 </strong></em> work, and to include all accessories required for a complete and proper installation, as required by and in strict accordance with the Contract Documents, this Purchase Order, and scope of work defined herein.</p>
<p> </p>
<p style=""text-align:center;""><span style=""font-size:8pt;""><em><strong>ALL SITE WORKERS MUST BE COMPLIANT WITH THE JESSICA LUNSFORD ACT, WHICH REQUIRES A LEVEL II BACKGROUND CHECK</strong></em></span></p>
<p><span style=""font-size:9.5pt;""> </span></p>",6/8/2023,,,,,
22032.509,Agriscapes LLC,Purchase Order,Bahia Sod @ Freedom Elementary,Synced,Approved,Yes,8100,7380,15480,0,0,0,0,0,15480,,Yes,Agriscapes LLC,,34266-3944,121 S Orange Ave,FL,"McIntyre Elwell & Strammer General Contractors, Inc.",,941-932-3050,MES-22-032,Freedom ES New Classroom Building,Arcadia,,"<p><span style=""font-size:10pt;"">Provide all labor, materials, and equipment required to completely furnish and install all <em><strong>18,000 sf of Bahia Sod</strong></em>, and to include all accessories required for a complete and proper installation, as required by and in strict accordance with the Contract Documents, this Purchase Order, and scope of work defined herein.</span></p>
<p> </p>
<p style=""text-align:center;""><span style=""font-size:8pt;""><em><strong>ALL SITE WORKERS MUST BE COMPLIANT WITH THE JESSICA LUNSFORD ACT, WHICH REQUIRES A LEVEL II BACKGROUND CHECK</strong></em></span></p>",6/23/2023,,,,,
22032.51,New View Cleaning Services Inc,Purchase Order,Final Cleaning,Synced,Approved,Yes,4300,150,4450,0,0,0,0,0,4450,,Yes,New View Cleaning Services Inc,,34222-4008,2411 10th St Ct E Unit B,FL,"McIntyre Elwell & Strammer General Contractors, Inc.",941-955-4090,941-955-4060,MES-22-032,Freedom ES New Classroom Building,Ellenton,,"<p>Provide all labor, material and equipment to perform the final cleaning and strip/ wax of VCT including minimum (2) coats of wax (iShine).<br><br><em><strong><span style=""font-size:9.5pt;"">ALL SITE WORKERS MUST BE COMPLIANT WITH THE JESSICA LUNSFORD ACT, WHICH REQUIRES A LEVEL II BACKGROUND CHECK</span></strong></em></p>",6/24/2023,,,,,
